#{"t_start": 1764490025.1546538, "env_id": "None"}
r,l,t
219.481941,500,9.852282
221.56856,500,18.891466
189.386866,421,26.653689
222.248974,500,35.953607
225.708748,500,45.203316
219.953689,499,54.286053
218.814361,500,63.580397
204.46095,447,71.980247
234.808842,500,81.480761
228.47483,498,90.390674
182.486642,408,97.353434
221.10254,500,105.593594
138.743901,283,110.285819
221.340483,500,118.330444
220.489778,500,126.477243
219.962914,500,135.874218
213.720818,500,144.747664
222.796817,500,153.860104
183.611562,413,162.043646
227.559025,500,171.063608
218.460613,500,179.882504
219.415443,500,188.716192
222.541185,500,197.376331
230.754927,500,206.165237
194.181471,424,213.879009
102.763292,191,217.686908
233.160758,500,226.435542
225.262704,500,235.264105
217.337206,500,244.018733
216.336314,500,252.813616
218.478621,460,261.029223
223.559661,500,269.7932
173.048577,388,276.765966
216.732199,500,285.468982
90.100002,202,289.250139
104.827218,239,293.66457
223.978011,500,302.478008
223.708742,500,311.489802
225.486632,500,320.779477
222.350757,500,329.713949
215.560293,500,338.962847
219.846264,500,347.954711
225.558928,500,357.110055
220.300099,500,365.684669
225.748508,500,374.04895
217.026893,500,382.823485
217.476388,500,391.588874
214.868362,500,400.164822
177.976707,417,407.511554
222.877905,500,416.241976
217.946144,500,425.157669
226.287882,500,433.786619
110.116204,205,437.78861
226.270433,500,446.549871
223.56786,500,455.403914
220.489367,500,464.283011
230.120126,500,473.049404
227.736033,500,481.987211
222.834804,491,490.760794
223.096191,500,499.556778
209.258097,500,508.213068
223.057976,500,516.99645
223.771701,500,525.657483
228.165037,500,534.265265
226.674873,500,542.982402
223.172536,500,551.75935
224.295199,500,560.41259
220.994208,500,569.027292
225.150303,500,577.548932
220.105569,500,586.224195
226.093693,500,594.972819
226.76393,500,603.738515
224.874879,500,612.360815
221.963625,500,621.093389
213.226556,500,629.875695
228.797901,500,638.534008
214.432848,500,647.110292
217.922975,500,655.873807
103.087693,192,659.53585
220.080502,500,668.306628
209.910898,500,676.824554
220.396,500,685.466091
233.520677,500,694.262257
219.100766,500,703.047436
223.945938,500,711.574765
216.502937,500,719.934972
222.920242,500,728.825595
207.685968,440,736.727691
212.58,500,745.455199
216.057668,500,754.121708
225.344551,500,762.611547
221.3744,500,771.296633
217.635338,500,779.930498
219.921786,500,788.802218
220.3422,500,797.48816
220.101615,500,806.266375
222.672754,500,815.203251
225.875602,500,823.948168
228.534946,500,832.601593
226.2006,500,841.162947
214.823804,500,849.567324
172.165674,348,855.503295
229.943017,500,863.77626
228.002244,500,872.717557
214.53005,500,881.408787
218.061886,500,889.804228
229.399423,500,898.567305
216.314036,500,908.543569
214.927964,500,917.425278
114.745077,232,921.598157
224.445716,500,930.048428
228.988008,500,938.759242
229.102045,500,947.375869
226.156165,500,956.210478
233.116644,498,964.835569
160.332249,336,970.919151
224.605276,500,979.618783
203.780482,436,987.193623
220.112951,500,995.805967
213.870624,500,1004.417837
217.85079,500,1012.970854
227.056708,500,1021.520047
228.076745,500,1030.047988
218.456472,500,1039.103154
223.522983,500,1047.744676
228.281113,500,1056.401901
220.052008,500,1065.839748
219.113169,500,1075.172692
97.67422,218,1079.50491
224.328745,500,1088.775671
227.297861,500,1097.652601
229.934291,500,1106.698846
220.789313,500,1115.390891
227.928365,500,1123.865962
215.567524,500,1132.34396
224.871528,500,1141.074007
215.350534,500,1149.614626
223.128812,500,1158.052244
222.848138,500,1166.669891
219.983893,500,1175.578093
226.891291,500,1184.212952
226.166601,500,1192.640121
228.271732,500,1200.981247
221.746254,500,1209.310902
189.860212,439,1217.548714
227.08465,500,1226.533193
226.472167,500,1236.503953
221.787354,500,1245.40746
218.725258,500,1254.163723
160.291577,354,1260.613209
225.21155,500,1269.532842
221.488583,500,1278.508943
229.559128,500,1287.922756
227.956728,500,1296.551081
228.285884,500,1304.502965
220.598803,500,1313.098543
220.918823,500,1322.764167
218.489012,459,1330.89121
223.865005,500,1339.619867
222.446,500,1348.432626
223.159153,500,1357.218695
225.297742,500,1365.930829
112.934367,221,1370.069443
231.227413,500,1378.7586
219.52452,500,1387.569872
225.951046,500,1396.304797
188.609822,432,1403.888436
197.205251,398,1411.022569
138.668121,271,1415.959156
138.88833,282,1421.167969
169.869889,335,1427.176426
231.504951,500,1435.973914
222.925144,500,1444.95702
222.417232,500,1453.727822
225.441073,500,1462.515262
216.745449,500,1471.186176
225.970296,500,1479.960731
219.590057,500,1488.502149
227.479508,500,1496.927871
219.390978,500,1505.685
184.226411,428,1513.319536
224.948054,500,1521.368892
224.501848,500,1529.374536
218.734904,500,1537.458119
222.184232,500,1545.603707
224.446721,500,1553.493418
220.130668,500,1561.56655
215.995497,500,1569.631574
225.200569,500,1577.660263
225.039515,500,1585.642676
225.462047,500,1593.673077
221.913576,500,1601.748002
223.566301,500,1609.705495
227.545332,500,1617.694275
224.814864,500,1625.793657
225.160663,500,1633.768913
219.016069,500,1641.816182
223.114696,500,1649.77527
227.242535,500,1657.898316
227.84926,500,1665.912645
225.887063,500,1673.835997
178.955259,378,1680.030357
200.049637,410,1686.832464
224.192201,500,1694.822049
227.017175,500,1702.824579
225.415798,500,1711.098304
227.288966,500,1719.099117
219.485357,500,1727.248534
219.342249,500,1735.189202
226.737142,500,1743.299587
228.72372,500,1751.312221
226.347968,500,1759.228976
224.232651,500,1767.257514
218.002065,500,1775.452005
226.144631,500,1783.368244
225.700788,500,1791.371903
223.615636,500,1799.33258
224.532214,500,1807.363183
224.188408,500,1815.224009
220.731974,500,1823.139163
219.356561,500,1831.263102
223.666577,500,1839.262767
235.168191,500,1847.145156
220.261771,500,1855.109487
213.551986,500,1863.310811
226.9744,500,1871.352838
226.102154,500,1879.387808
222.273817,500,1887.316635
223.077385,500,1895.408813
223.442117,500,1903.312696
204.353169,436,1910.337866
228.938615,500,1918.351804
222.977395,500,1926.351231
226.300619,500,1934.325053
221.188167,500,1942.258756
208.196973,466,1949.72765
166.168193,339,1955.303231
217.906934,500,1963.276512
227.142997,500,1971.26702
228.415717,500,1979.267971
226.912464,500,1987.308426
214.588309,500,1995.213979
219.156946,500,2003.039301
227.501275,500,2011.075257
222.447463,500,2018.981569
215.211522,500,2026.951723
204.205249,420,2033.566488
227.873844,500,2041.698003
222.800624,500,2049.58515
220.147258,500,2057.579728
220.961882,491,2065.415781
231.99821,500,2073.431803
215.543778,500,2081.474232
226.021827,500,2089.349826
228.438151,500,2097.308125
227.477567,500,2105.369011
201.914669,408,2111.843594
224.497065,500,2119.787117
225.290105,500,2127.798243
222.144235,500,2135.889432
229.164044,500,2143.793379
220.005536,500,2151.703611
220.185154,500,2159.812525
220.897776,500,2167.868411
221.305416,500,2175.8681
221.151894,500,2183.834991
226.164682,500,2191.916852
211.203994,500,2199.903512
210.52319,500,2207.853406
230.638922,500,2215.896427
228.080695,500,2223.905345
221.56077,500,2231.776917
230.709124,500,2239.63239
224.003998,500,2247.536747
236.282478,490,2255.425688
218.04405,500,2263.36025
219.74632,500,2271.340578
212.150047,500,2279.287623
226.094453,500,2287.349285
164.951856,343,2292.977144
224.502078,500,2300.936026
217.864793,500,2309.210348
204.786552,500,2317.72726
224.724805,500,2327.35435
216.451156,500,2336.311092
207.285604,465,2344.27549
224.605708,500,2353.010936
228.244257,500,2361.697958
213.311483,500,2370.387856
220.003187,500,2378.887821
183.98198,396,2385.704838
229.34825,500,2394.29327
224.461743,500,2403.116494
221.471781,500,2411.865017
229.97425,500,2420.566505
228.214725,500,2429.224299
206.989069,500,2438.061486
228.034956,500,2446.808439
225.819639,500,2455.484898
224.25576,500,2464.266505
218.309889,500,2472.899962
218.854563,500,2481.589109
215.711056,500,2490.150199
235.130263,500,2498.924841
226.446286,500,2507.47296
225.411859,500,2516.091492
229.777518,500,2524.680975
106.520342,235,2529.050928
221.908044,500,2538.316174
222.941914,500,2547.306026
227.992527,500,2557.866827
230.710975,500,2567.753295
223.585343,500,2576.660737
224.299888,500,2585.677168
220.963382,500,2594.607233
222.770887,500,2603.5218
225.214364,500,2613.258651
221.57156,500,2621.681327
222.860299,500,2630.013383
229.794172,500,2638.235214
156.247329,326,2644.353019
228.062025,500,2654.504909
219.971671,500,2663.830516
221.4453,500,2674.346
221.247832,500,2682.713534
214.276099,500,2692.561472
225.711606,463,2701.169538
226.331998,500,2710.519582
226.911848,500,2719.594884
226.486065,500,2728.289446
222.085488,500,2739.054995
218.091687,500,2748.366594
152.701705,298,2754.059557
218.481975,500,2762.597819
228.567641,500,2771.413864
227.22435,500,2780.068597
223.914973,500,2788.901971
227.698663,500,2797.697882
224.05712,500,2806.399419
230.164394,500,2814.977874
229.890271,500,2823.919429
229.79251,500,2832.527051
229.072356,500,2840.662542
182.11015,359,2847.050443
220.390742,500,2855.602636
215.260333,500,2864.059588
227.705842,500,2872.612391
222.964144,500,2880.844028
227.501505,500,2888.93981
226.419333,500,2897.801866
224.057237,500,2906.544889
228.269922,500,2914.744466
229.679972,500,2923.405757
231.082601,500,2932.177628
219.347398,500,2940.899482
223.019075,500,2949.53071
217.163604,500,2957.995675
229.292616,500,2966.527735
222.829875,500,2975.214711
205.965735,500,2983.918435
229.892505,500,2992.52567
225.03196,500,3001.342379
226.149602,500,3009.939466
225.73106,500,3018.188883
227.167394,500,3026.842482
226.811923,500,3035.625759
217.228297,500,3044.231236
225.726852,500,3052.89542
228.661361,500,3062.024234
225.570731,500,3071.201688
226.005473,500,3080.250755
230.212169,500,3088.605191
225.968447,500,3097.021735
165.476193,388,3103.541685
232.765294,500,3112.155333
221.516082,500,3120.92107
219.352322,500,3129.572588
165.796538,339,3135.588257
225.705759,500,3144.309326
229.381227,500,3153.038023
186.023064,373,3159.685142
223.158209,500,3168.317327
220.559561,500,3176.98291
228.487059,500,3185.392489
226.741222,500,3194.165403
220.476279,500,3202.780535
226.006376,500,3211.600853
226.723476,500,3220.427369
219.627644,500,3229.128112
187.052,435,3236.703691
225.743447,500,3245.491507
203.526433,500,3254.260404
226.408318,500,3262.906423
225.907297,500,3271.725505
224.46217,500,3280.553918
229.888814,500,3289.363485
226.640307,500,3298.061035
222.302121,500,3307.0654
229.743431,500,3315.657502
222.550159,500,3324.37065
228.217394,500,3333.063266
227.766273,500,3341.751575
220.526998,500,3350.449733
212.900656,500,3359.178761
223.412436,500,3368.041819
226.751334,500,3376.897573
223.312317,500,3385.349286
226.694598,500,3394.431997
228.175167,500,3403.175512
223.228002,500,3411.940368
118.940741,232,3416.24886
230.482425,500,3425.048326
221.864374,500,3433.778672
229.207067,500,3442.474911
217.143713,500,3451.34179
224.581894,500,3460.159039
220.613749,500,3468.917302
222.745528,500,3477.612325
228.670867,500,3486.52328
219.049959,500,3494.882477
224.439077,487,3503.270613
224.607783,500,3512.484916
228.228246,500,3520.896525
219.991164,500,3529.664215
232.964084,500,3538.434902
125.151026,249,3542.873609
158.553501,331,3548.791052
222.26775,500,3557.599095
232.667667,500,3566.23499
219.418025,500,3574.595923
226.341205,500,3582.873384
223.36725,500,3591.714757
221.111636,500,3600.412758
181.019697,411,3607.724965
227.999862,500,3616.5474
216.229399,500,3625.55357
231.05723,500,3634.225194
220.777871,500,3643.010093
226.221217,500,3651.609178
228.077716,500,3660.318976
217.007293,500,3669.107706
225.684307,500,3677.880426
223.94998,500,3686.590705
225.120084,500,3695.457932
224.264166,500,3704.107682
225.697783,500,3712.788756
193.018361,406,3720.079093
231.452772,500,3728.852824
224.776587,500,3737.740627
227.381558,500,3746.512604
227.092804,500,3755.32296
225.759576,500,3763.924565
221.463514,500,3772.75074
230.621164,500,3781.615176
217.634868,500,3790.319545
216.110075,500,3799.031171
230.173526,500,3807.806083
225.420805,500,3816.634555
226.246321,500,3825.435262
210.072729,500,3834.386782
219.588143,500,3843.265535
229.777721,500,3852.249418
227.430511,500,3861.15896
223.986082,500,3869.840279
229.990247,500,3878.673191
223.073234,500,3887.493159
230.173446,500,3896.269089
211.170978,500,3905.020814
226.011962,500,3914.158644
220.780093,500,3922.90416
229.351503,500,3931.421587
234.022048,500,3940.071624
225.352276,500,3948.235893
236.643313,487,3956.54243
220.501808,500,3965.415704
232.337895,500,3974.32487
229.658693,500,3983.047819
218.036485,500,3991.912453
230.50619,500,4000.360508
221.009616,500,4008.958748
225.775653,500,4017.489635
227.342534,500,4026.241387
221.282158,500,4035.047005
230.752536,500,4043.835851
227.704354,500,4052.645889
224.678653,500,4061.314931
230.62506,500,4070.049498
231.353354,500,4078.807873
227.490542,500,4087.225808
220.44133,500,4095.70466
159.037024,315,4101.306822
116.519281,222,4105.477506
222.529336,500,4114.328957
218.959387,500,4123.066834
227.076716,500,4131.780528
134.51103,262,4136.685683
227.397156,500,4145.452239
228.901318,500,4154.125499
225.601504,500,4162.924477
224.809675,500,4171.671795
221.757297,500,4180.405812
230.836611,500,4188.988379
222.055571,500,4197.4233
224.117537,500,4206.14018
224.542618,500,4214.794352
229.977023,500,4223.503223
227.981711,500,4232.356005
230.41021,500,4240.992239
228.046112,500,4249.390334
131.818834,296,4254.388732
232.361371,500,4263.141367
231.577201,500,4272.534351
232.433262,500,4280.881855
219.07459,500,4289.649271
228.871004,500,4298.642288
219.33264,500,4307.478145
225.929913,500,4316.248506
220.275218,500,4324.87481
226.513893,500,4333.589453
215.663352,500,4341.824067
227.988314,500,4350.40431
229.281573,500,4359.199605
149.756977,297,4365.312978
215.46925,500,4374.007313
221.90042,500,4383.261129
235.40766,500,4392.337704
155.862757,319,4397.810683
232.551537,500,4406.386199
213.364277,500,4415.741491
230.493736,500,4424.929499
225.07107,500,4435.221639
233.598777,500,4444.760557
224.153619,500,4453.900353
224.031329,500,4462.90637
219.197013,500,4471.751703
225.102968,500,4480.525007
226.466541,500,4489.725093
223.043587,500,4498.699291
228.950739,500,4508.727458
230.628414,500,4517.587435
222.448913,500,4526.440543
224.015147,500,4535.37717
222.190204,500,4544.075431
192.722034,439,4552.091273
233.10327,494,4560.995896
223.864765,500,4569.998452
227.151539,500,4578.938256
225.372707,500,4587.927551
220.280144,500,4596.994169
227.776942,500,4605.830513
220.018564,500,4614.71468
227.540426,500,4623.59457
228.964657,500,4632.513951
224.535961,500,4641.612172
225.182885,500,4650.467336
228.142674,500,4659.635543
227.028339,500,4669.777388
226.276159,500,4678.125239
221.326357,500,4686.243557
228.816339,500,4694.625055
229.483427,500,4703.284167
224.384464,500,4712.095474
226.898006,500,4720.744025
223.463787,500,4729.404854
230.208157,500,4738.158196
227.604877,500,4746.956672
223.244912,500,4755.503626
228.537706,500,4764.115969
223.178796,466,4772.324739
228.174182,500,4781.080568
226.287768,500,4789.433977
143.098349,282,4794.527276
223.916364,500,4803.173983
226.128904,500,4811.471579
130.460529,258,4816.199973
230.790527,500,4824.894884
224.925666,500,4833.697965
233.273775,500,4842.587958
227.009662,500,4851.88581
219.809262,500,4861.677134
231.139359,500,4870.261881
225.781638,500,4878.57185
228.857754,500,4887.361953
227.931247,500,4895.753831
222.589426,500,4904.330245
223.188711,500,4912.991211
160.303214,312,4918.730746
218.305536,490,4927.418579
229.004406,500,4936.129584
224.895542,500,4945.045214
227.138355,500,4953.399021
228.765436,500,4961.981766
221.754705,500,4970.776929
225.834814,500,4980.59744
232.253051,500,4989.601336
230.236947,500,4998.557903
229.514405,500,5007.496972
224.990347,500,5016.590821
229.441701,500,5025.211327
226.578466,500,5034.850072
219.516832,500,5043.54111
225.388761,500,5054.299071
222.5498,500,5064.040651
223.056154,500,5073.20578
227.347018,500,5082.342308
164.059241,332,5088.973109
231.396622,500,5097.707498
218.293754,500,5106.334145
229.430843,500,5114.644546
216.25835,500,5123.063892
229.381081,500,5131.068788
227.129067,500,5139.146468
227.63973,500,5147.922063
202.75502,410,5154.707577
225.852547,500,5162.78398
221.144079,488,5170.56675
223.43384,500,5178.941441
229.980725,500,5187.347296
187.81154,385,5194.228252
225.96196,500,5203.114884
227.809039,500,5211.539352
224.732077,500,5220.242284
231.089795,500,5228.670865
217.851408,455,5236.177343
231.464179,500,5244.708442
228.494528,500,5253.781671
225.004653,500,5263.597493
225.897352,500,5273.906042
230.078168,500,5283.252455
220.813363,500,5293.176532
230.333924,500,5301.915857
229.75889,500,5310.907558
229.15842,500,5319.79639
222.480626,500,5328.336747
232.722356,500,5336.528982
222.943679,500,5345.358634
165.040453,335,5351.267088
223.114666,500,5360.007698
227.740772,500,5368.725567
229.202013,500,5377.775408
234.667385,500,5386.494387
228.543588,500,5394.564044
225.901642,500,5402.514801
229.082159,500,5410.563174
219.156918,500,5418.597662
227.927667,500,5426.543584
230.033319,500,5434.552762
228.377516,500,5442.618127
236.177158,500,5450.688955
234.971885,489,5458.469706
224.936518,500,5466.581239
230.971833,500,5474.582916
222.67149,500,5482.553618
229.027246,500,5490.523373
226.097817,500,5498.534944
231.004482,500,5506.42128
227.154923,500,5514.436905
228.520817,500,5522.533912
212.491253,500,5530.630451
226.958105,500,5538.604037
230.634942,500,5546.625378
225.010182,500,5554.708682
223.241736,500,5562.708413
221.006159,500,5571.499147
224.801494,500,5580.196587
229.16833,500,5589.624499
225.591379,500,5598.651407
227.503395,500,5607.220862
236.551746,500,5616.297307
231.406973,500,5625.319069
228.550206,500,5634.308846
225.063986,500,5643.548057
229.865866,500,5652.69264
228.502602,500,5662.304958
225.577563,500,5670.980298
230.715284,500,5679.71154
229.008493,500,5688.442759
223.774718,500,5697.114459
226.588724,500,5706.865913
228.840984,500,5715.93099
224.019305,500,5724.6271
231.605629,500,5733.917006
235.729013,500,5743.723626
223.749492,500,5752.47526
224.645013,500,5761.429845
223.390664,500,5770.06452
226.224938,500,5778.842468
233.138129,500,5787.528561
224.845804,500,5796.320709
222.639899,500,5804.785592
228.759424,500,5813.530422
228.683482,493,5822.154294
232.848064,500,5830.903874
228.095874,500,5839.439799
227.161929,500,5847.652526
227.880982,500,5855.898164
227.33992,500,5864.045082
229.416048,500,5872.685669
234.608331,500,5881.433912
223.439654,500,5889.687972
225.612906,500,5898.064124
228.953055,500,5906.603881
220.037543,500,5915.0075
228.200871,500,5923.920208
232.888705,500,5932.790945
232.848011,500,5941.485928
217.115698,500,5949.978741
178.032145,367,5956.976354
175.232682,360,5963.708654
225.583221,500,5972.52866
228.532893,500,5981.31847
229.438103,500,5990.097226
229.08769,500,5999.17114
222.802114,500,6008.583264
229.955305,500,6017.235356
220.298444,500,6025.713766
218.444913,500,6034.362754
222.800495,500,6043.074723
224.427649,500,6051.575752
227.232597,500,6060.371711
224.211787,474,6068.617663
217.942944,500,6077.428237
227.103839,500,6085.89436
228.144354,500,6094.330384
225.770527,500,6102.968342
219.253076,500,6111.184587
226.98897,500,6119.438753
219.338118,500,6127.899153
225.467702,500,6136.513302
227.889782,500,6145.163105
228.966786,500,6153.869255
232.144888,500,6162.53136
221.74862,500,6171.192593
224.989477,500,6180.322999
222.327319,500,6189.056856
225.766305,500,6198.365162
224.717777,500,6207.601526
228.053475,500,6218.352743
228.341903,500,6227.791418
226.170259,500,6236.926379
222.791021,500,6246.424085
226.312864,500,6255.742316
225.068532,500,6265.194795
230.622461,500,6275.464685
227.290731,500,6284.395681
220.816722,500,6293.842522
232.169213,500,6302.987118
228.347863,500,6311.931923
223.656042,500,6320.381089
225.492263,500,6328.911379
220.749203,500,6337.776565
227.773748,500,6346.360205
218.275956,500,6355.116419
223.78843,500,6363.550453
225.722296,500,6372.088988
219.412689,500,6380.568312
227.069197,500,6388.95008
227.198514,500,6397.45924
225.94871,500,6406.012425
231.505426,500,6414.477858
227.020344,500,6423.073727
224.638278,500,6431.699413
225.082591,500,6440.199628
232.547891,500,6448.880211
225.449918,500,6457.386864
225.027138,500,6466.319865
229.532313,500,6475.556082
222.660661,500,6484.776966
228.046619,500,6494.592442
226.978981,500,6503.608712
231.392823,500,6512.615134
215.012377,500,6521.232599
226.281357,500,6530.211548
231.481255,500,6539.219111
224.524267,500,6548.576266
223.716319,500,6557.589508
231.315627,500,6566.245919
223.746986,500,6575.288132
228.308357,500,6584.209504
228.375263,500,6593.285813
223.839875,500,6602.954531
223.923275,500,6612.472769
221.711404,500,6621.131792
227.318344,500,6631.58493
224.633492,500,6640.453319
227.024736,500,6649.265628
227.149251,500,6657.932402
229.78004,500,6666.246809
223.030712,500,6675.16707
216.63148,500,6684.023005
228.097394,500,6692.520594
236.654275,500,6700.891966
223.464083,500,6709.271548
196.841447,408,6716.292187
226.460672,500,6724.630568
225.601717,500,6732.989347
232.372151,500,6741.388471
229.420967,500,6749.597889
228.397423,500,6758.501942
233.597794,500,6767.006643
223.548648,500,6775.317975
229.007377,500,6783.76447
226.36135,500,6792.177454
223.76634,500,6801.036923
229.643174,500,6809.839828
230.116777,500,6818.767154
227.002496,500,6827.082477
223.791537,500,6835.45079
225.556655,500,6843.859452
228.808524,500,6852.303093
223.896034,500,6861.843989
222.211813,500,6870.371063
231.063581,500,6879.683226
223.721396,500,6891.505335
233.359468,500,6901.483853
231.791418,500,6911.377826
223.917858,500,6921.273567
225.473551,500,6931.078795
222.008935,500,6941.127728
227.277537,500,6951.281694
227.641734,500,6961.568671
221.579176,500,6971.681917
222.678075,500,6981.713714
232.958128,500,6991.765851
228.107195,500,7001.775142
218.495885,500,7011.884347
226.841062,500,7021.357202
224.688017,500,7029.625392
225.002246,500,7038.216983
230.916401,500,7046.544346
226.073006,500,7055.337372
222.698123,500,7064.119353
229.092335,500,7072.753469
221.298506,500,7081.555698
222.030747,500,7090.233967
227.648638,500,7098.826781
229.795134,500,7107.593408
226.253562,500,7116.354587
231.94181,500,7124.812799
222.477933,500,7133.377013
227.050629,500,7142.068527
230.420791,500,7151.105937
230.487913,500,7160.105495
222.933007,500,7169.56323
229.514325,500,7178.645226
226.352371,500,7186.758133
230.591298,500,7195.51378
229.527014,500,7203.81577
227.633888,500,7211.998794
229.896468,500,7220.215599
229.157362,500,7228.406606
220.674792,500,7237.199078
224.287768,500,7246.97883
221.581556,500,7256.365081
234.592234,500,7265.758922
218.846731,500,7275.426844
220.606287,500,7284.948081
221.246046,500,7293.626789
216.956441,480,7302.339051
226.837334,500,7311.327672
228.900116,500,7319.922999
224.032864,500,7328.51892
225.792603,500,7337.319094
219.71358,500,7346.051803
132.448819,266,7350.664878
229.763324,500,7359.520034
223.275831,500,7368.1537
225.412331,500,7376.904023
228.238649,500,7385.912897
228.209223,500,7394.70653
228.708688,500,7403.299597
227.044355,500,7411.843561
227.431039,500,7421.058593
227.120375,500,7429.91151
223.702646,500,7439.158888
233.880602,500,7448.028985
224.995568,500,7456.762345
228.721994,500,7465.475132
223.926588,500,7474.225487
219.22685,500,7482.413702
227.967925,500,7490.550019
229.842772,500,7498.604754
230.930536,500,7507.249484
222.283164,500,7517.189083
227.119927,500,7526.425985
225.541488,500,7535.020768
221.740177,500,7544.13145
228.342244,500,7552.152818
228.672279,500,7560.443443
232.519007,500,7569.248558
229.780463,500,7577.803885
222.284382,500,7586.334826
229.681331,500,7594.870095
226.394649,500,7603.403555
229.61544,500,7611.428189
226.341137,500,7619.681051
224.64196,500,7627.836702
225.77168,500,7635.888696
228.163284,500,7643.996627
222.313258,500,7652.11544
223.955279,500,7660.195777
222.101004,500,7668.212617
225.371102,500,7676.274942
227.5064,500,7684.498209
233.456586,500,7692.384867
228.100434,500,7700.628447
225.114866,500,7709.218291
225.795842,500,7718.391136
227.472814,500,7727.293832
228.973878,500,7736.012315
230.882818,500,7744.362399
226.864454,500,7753.592793
225.635447,500,7762.607022
219.903843,500,7771.642282
224.992794,500,7780.516374
229.047062,500,7790.131623
228.592276,500,7799.441864
230.217833,500,7808.932409
226.58392,500,7818.086644
224.147553,500,7827.355681
227.309699,500,7837.424849
230.162588,500,7846.869335
228.211734,500,7855.486812
219.915817,500,7864.399892
232.11252,500,7873.321862
159.759148,372,7879.890712
222.923423,500,7888.969037
227.856172,500,7898.036866
228.77231,500,7906.707711
226.333747,500,7915.195806
225.954644,500,7924.182056
228.255943,500,7933.152561
227.773248,500,7942.424884
224.178165,500,7951.360558
225.252684,500,7960.706961
222.961355,500,7970.317986
232.000062,500,7979.214741
224.983047,500,7988.286183
224.541156,500,7997.443352
222.871246,500,8006.179463
221.574232,500,8015.092253
229.416307,500,8023.575018
233.429725,500,8032.034771
221.896772,500,8040.949797
224.75408,500,8049.702335
225.04304,500,8058.381887
229.014723,500,8067.385943
226.464088,500,8075.768903
226.743458,500,8084.194809
228.211772,500,8092.415397
222.013742,500,8100.892838
225.611168,500,8110.240885
226.788992,500,8118.986344
232.495609,500,8127.629198
227.28073,500,8136.008598
224.899481,500,8144.530849
228.359944,500,8152.711622
229.552539,500,8161.461009
229.430809,500,8169.726726
225.961919,500,8177.727186
232.72133,500,8185.726977
223.44873,500,8193.73284
229.119092,482,8201.119726
224.700862,500,8208.890659
231.490654,500,8216.668151
227.26391,500,8224.508714
226.690621,500,8232.349376
224.718108,500,8240.084039
219.815996,500,8247.932837
217.959155,500,8255.599873
234.086666,500,8263.351928
230.334702,500,8271.14866
226.31864,500,8278.868379
233.400404,500,8286.752249
229.966117,500,8294.577458
234.00353,500,8302.368827
229.907626,500,8310.207995
222.158602,500,8318.026959
223.94044,500,8325.83947
221.13371,500,8333.672789
233.993151,500,8341.534927
232.773351,500,8349.471411
223.103098,500,8357.29652
219.841678,500,8365.008071
234.923033,500,8373.255079
221.386419,500,8381.41561
225.445987,500,8390.123974
227.421661,500,8398.552113
227.236949,500,8407.50464
232.314176,500,8416.248152
219.313656,500,8424.602736
221.948759,500,8432.877358
227.093519,500,8441.964027
229.693132,500,8450.538275
225.192125,500,8459.330596
227.942487,500,8467.998962
216.734865,500,8476.273766
226.521209,500,8484.558704
227.721509,500,8492.600847
225.305685,500,8500.613859
228.350078,500,8508.487114
231.350501,500,8516.262126
170.201738,344,8521.66357
229.918733,500,8529.756768
229.547602,500,8537.919229
223.430919,500,8545.835911
228.864624,500,8553.730728
228.646785,500,8561.566229
230.970169,500,8569.370203
226.257902,500,8577.277477
226.112456,500,8585.648404
224.575674,500,8593.723508
230.576697,500,8601.817744
231.021816,500,8611.529936
235.199676,500,8619.942973
233.66905,500,8628.244201
227.194507,500,8636.772535
220.245055,500,8645.106357
230.091727,500,8652.962156
223.422314,500,8660.965098
194.966737,402,8667.916231
227.590032,500,8676.2947
230.74423,500,8684.590963
